Symbol,Date,Close,High,Low,Open,Volume
AAPL,2016-01-01,105.26,105.26,105.26,105.26,0
AAPL,2016-01-04,105.35,105.368,102.0,102.61,67649387
AAPL,2016-01-05,102.71,105.85,102.41,105.75,55790992
AAPL,2016-01-06,100.7,102.37,99.87,100.56,68457388
AAPL,2016-01-07,96.45,100.13,96.43,98.68,81094428
AAPL,2016-01-08,96.96,99.11,96.76,98.55,70798016
AAPL,2016-01-11,98.53,99.06,97.34,98.97,49739377
AAPL,2016-01-12,99.96,100.69,98.8399,100.55,49154227
AAPL,2016-01-13,97.39,101.19,97.3,100.32,62439631
AAPL,2016-01-14,99.52,100.48,95.74,97.96,63170127
AAPL,2016-01-15,97.13,97.71,95.36,96.2,79833891
AAPL,2016-01-18,97.13,97.13,97.13,97.13,0
AAPL,2016-01-19,96.66,98.65,95.5,98.41,53087747
AAPL,2016-01-20,96.79,98.1897,93.42,95.1,72334416
AAPL,2016-01-21,96.3,97.88,94.94,97.06,52161463
AAPL,2016-01-22,101.42,101.46,98.37,98.63,65800467
AAPL,2016-01-25,99.44,101.53,99.21,101.52,51794525
AAPL,2016-01-26,99.99,100.88,98.07,99.93,75077002
AAPL,2016-01-27,93.42,96.6289,93.34,96.04,133369674
AAPL,2016-01-28,94.09,94.52,92.39,93.79,55678825
AAPL,2016-01-29,97.34,97.34,94.35,94.79,64416504
AAPL,2016-02-01,96.43,96.71,95.4,96.47,40943541
AAPL,2016-02-02,94.48,96.04,94.28,95.42,37357215
AAPL,2016-02-03,96.35,96.84,94.08,95.0,45964294
AAPL,2016-02-04,96.6,97.33,95.19,95.86,46471652
AAPL,2016-02-05,94.02,96.92,93.69,96.52,46418064
AAPL,2016-02-08,95.01,95.7,93.04,93.13,54021375
AAPL,2016-02-09,94.99,95.94,93.93,94.29,44331195
AAPL,2016-02-10,94.27,96.35,94.1,95.92,42343601
AAPL,2016-02-11,93.7,94.72,92.59,93.79,50074711
AAPL,2016-02-12,93.99,94.5,93.01,94.19,40351381
AAPL,2016-02-15,93.99,93.99,93.99,93.99,0
AAPL,2016-02-16,96.64,96.85,94.61,95.02,49057916
AAPL,2016-02-17,98.12,98.21,96.15,96.67,44863243
AAPL,2016-02-18,96.26,98.89,96.091,98.84,39020983
AAPL,2016-02-19,96.04,96.7599,95.8,96.0,35374173
AAPL,2016-02-22,96.88,96.9,95.92,96.31,34280758
AAPL,2016-02-23,94.69,96.5,94.55,96.4,31942633
AAPL,2016-02-24,96.1,96.38,93.32,93.98,36255745
AAPL,2016-02-25,96.76,96.76,95.25,96.05,27582659
AAPL,2016-02-26,96.91,98.0237,96.58,97.2,28991131
AAPL,2016-02-29,96.69,98.23,96.65,96.86,35216277
AAPL,2016-03-01,100.53,100.77,97.42,97.65,50407147
AAPL,2016-03-02,100.75,100.89,99.64,100.51,33169559
AAPL,2016-03-03,101.5,101.7099,100.45,100.58,36955742
AAPL,2016-03-04,103.01,103.75,101.37,102.37,46055100
AAPL,2016-03-07,101.87,102.83,100.96,102.39,35915810
AAPL,2016-03-08,101.03,101.76,100.4,100.78,31561889
AAPL,2016-03-09,101.12,101.58,100.27,101.31,27201683
AAPL,2016-03-10,101.17,102.24,100.15,101.41,33513576
AAPL,2016-03-11,102.26,102.28,101.5,102.24,27408237
AAPL,2016-03-14,102.52,102.91,101.78,101.91,25076062
AAPL,2016-03-15,104.58,105.18,103.85,103.96,40067734
AAPL,2016-03-16,105.97,106.31,104.59,104.61,38303493
AAPL,2016-03-17,105.8,106.47,104.96,105.52,34420705
AAPL,2016-03-18,105.92,106.5,105.19,106.34,44205171
AAPL,2016-03-21,105.91,107.65,105.1401,105.93,35502678
AAPL,2016-03-22,106.72,107.29,105.21,105.25,32444375
AAPL,2016-03-23,106.13,107.07,105.9,106.48,25703495
AAPL,2016-03-24,105.67,106.25,104.89,105.47,26132955
AAPL,2016-03-25,105.67,105.67,105.67,105.67,0
AAPL,2016-03-28,105.19,106.19,105.06,106.0,19411372
AAPL,2016-03-29,107.68,107.79,104.88,104.89,31190083
AAPL,2016-03-30,109.56,110.42,108.6,108.65,45601149
AAPL,2016-03-31,108.99,109.9,108.88,109.72,25888449
AAPL,2016-04-01,109.99,110.0,108.2,108.78,25873950
AAPL,2016-04-04,111.12,112.19,110.27,110.42,37356204
AAPL,2016-04-05,109.81,110.73,109.42,109.51,26578652
AAPL,2016-04-06,110.96,110.98,109.2,110.23,26404077
AAPL,2016-04-07,108.54,110.42,108.121,109.95,31801870
AAPL,2016-04-08,108.66,109.77,108.17,108.91,23581740
AAPL,2016-04-11,109.02,110.61,108.83,108.97,29407518
AAPL,2016-04-12,110.44,110.5,108.66,109.34,27232325
AAPL,2016-04-13,112.04,112.34,110.8,110.8,33257316
AAPL,2016-04-14,112.1,112.39,111.33,111.62,25473923
AAPL,2016-04-15,109.85,112.3,109.73,112.11,46938969
AAPL,2016-04-18,107.48,108.95,106.94,108.89,60821461
AAPL,2016-04-19,106.91,108.0,106.23,107.88,32384878
AAPL,2016-04-20,107.13,108.09,106.06,106.64,30611030
AAPL,2016-04-21,105.97,106.93,105.52,106.93,31552525
AAPL,2016-04-22,105.68,106.48,104.62,105.01,33683121
AAPL,2016-04-25,105.08,105.65,104.51,105.0,28031588
AAPL,2016-04-26,104.35,105.3,103.91,103.91,56016165
AAPL,2016-04-27,97.82,98.71,95.68,96.0,114602142
AAPL,2016-04-28,94.83,97.88,94.25,97.61,82242690
AAPL,2016-04-29,93.74,94.72,92.51,93.99,68531478
AAPL,2016-05-02,93.64,94.08,92.4,93.965,48160104
AAPL,2016-05-03,95.18,95.74,93.68,94.2,56831277
AAPL,2016-05-04,94.19,95.9,93.82,95.2,41025475
AAPL,2016-05-05,93.24,94.07,92.68,94.0,35890500
AAPL,2016-05-06,92.72,93.45,91.85,93.37,43699886
AAPL,2016-05-09,92.79,93.77,92.59,93.0,32936436
AAPL,2016-05-10,93.42,93.57,92.11,93.33,33686836
AAPL,2016-05-11,92.51,93.57,92.46,93.48,28719109
AAPL,2016-05-12,90.34,92.78,89.47,92.72,76314690
AAPL,2016-05-13,90.52,91.67,90.0,90.0,44392765
AAPL,2016-05-16,93.88,94.39,91.65,92.39,61259756
AAPL,2016-05-17,93.49,94.7,93.01,94.55,46916939
AAPL,2016-05-18,94.56,95.21,93.89,94.16,42062391
AAPL,2016-05-19,94.2,94.64,93.57,94.64,30442100
AAPL,2016-05-20,95.22,95.43,94.52,94.64,32025968
AAPL,2016-05-23,96.43,97.19,95.67,95.87,38018643
AAPL,2016-05-24,97.9,98.09,96.84,97.22,35140174
AAPL,2016-05-25,99.62,99.74,98.11,98.67,38642108
AAPL,2016-05-26,100.41,100.73,98.64,99.68,56331159
AAPL,2016-05-27,100.35,100.47,99.245,99.44,36341240
AAPL,2016-05-30,100.35,100.35,100.35,100.35,0
AAPL,2016-05-31,99.86,100.4,98.82,99.6,42307212
AAPL,2016-06-01,98.46,99.54,98.33,99.02,29173285
AAPL,2016-06-02,97.72,97.84,96.63,97.6,40191600
AAPL,2016-06-03,97.92,98.27,97.45,97.79,28504888
AAPL,2016-06-06,98.63,101.89,97.55,97.99,23292504
AAPL,2016-06-07,99.03,99.87,98.96,99.25,22409450
AAPL,2016-06-08,98.94,99.56,98.68,99.02,20848131
AAPL,2016-06-09,99.65,99.99,98.46,98.5,26601354
AAPL,2016-06-10,98.83,99.3457,98.48,98.53,31712936
AAPL,2016-06-13,97.34,99.12,97.1,98.69,38020494
AAPL,2016-06-14,97.46,98.475,96.75,97.32,31931944
AAPL,2016-06-15,97.14,98.41,97.03,97.82,29445227
AAPL,2016-06-16,97.55,97.75,96.07,96.45,31326815
AAPL,2016-06-17,95.33,96.65,95.3,96.62,61008219
AAPL,2016-06-20,95.1,96.57,95.03,96.0,34411901
AAPL,2016-06-21,95.91,96.35,94.676,94.94,35546358
AAPL,2016-06-22,95.55,96.89,95.35,96.25,29219122
AAPL,2016-06-23,96.1,96.29,95.25,95.94,32240187
AAPL,2016-06-24,93.4,94.655,92.65,92.91,75311356
AAPL,2016-06-27,92.04,93.05,91.5,93.0,46622188
AAPL,2016-06-28,93.59,93.66,92.14,92.9,40444914
AAPL,2016-06-29,94.4,94.55,93.63,93.97,36531006
AAPL,2016-06-30,95.6,95.77,94.3,94.44,35836356
AAPL,2016-07-01,95.89,96.465,95.33,95.49,26026540
AAPL,2016-07-04,95.89,95.89,95.89,95.89,0
AAPL,2016-07-05,94.99,95.4,94.46,95.39,27705210
AAPL,2016-07-06,95.53,95.66,94.37,94.6,30949090
AAPL,2016-07-07,95.94,96.5,95.62,95.7,25139558
AAPL,2016-07-08,96.68,96.89,96.05,96.49,28912103
AAPL,2016-07-11,96.98,97.65,96.73,96.75,23794945
AAPL,2016-07-12,97.42,97.7,97.12,97.17,24167463
AAPL,2016-07-13,96.87,97.67,96.84,97.41,25892171
AAPL,2016-07-14,98.79,98.99,97.32,97.39,38918997
AAPL,2016-07-15,98.78,99.3,98.5,98.92,30136990
AAPL,2016-07-18,99.83,100.13,98.6,98.7,36493867
AAPL,2016-07-19,99.87,100.0,99.34,99.56,23779924
AAPL,2016-07-20,99.96,100.46,99.735,100.0,26275968
AAPL,2016-07-21,99.43,101.0,99.13,99.83,32702028
AAPL,2016-07-22,98.66,99.3,98.31,99.26,28313669
AAPL,2016-07-25,97.34,98.84,96.92,98.25,40382921
AAPL,2016-07-26,96.67,97.97,96.42,96.82,56239822
AAPL,2016-07-27,102.95,104.35,102.75,104.265,92344820
AAPL,2016-07-28,104.34,104.45,102.82,102.83,39869839
AAPL,2016-07-29,104.21,104.55,103.68,104.19,27733688
AAPL,2016-08-01,106.05,106.15,104.41,104.41,38167871
AAPL,2016-08-02,104.48,106.07,104.0,106.05,33816556
AAPL,2016-08-03,105.79,105.84,104.77,104.81,30202641
AAPL,2016-08-04,105.87,106.0,105.28,105.58,27408650
AAPL,2016-08-05,107.48,107.65,106.18,106.27,40553402
AAPL,2016-08-08,108.37,108.37,107.16,107.52,28037220
AAPL,2016-08-09,108.81,108.94,108.01,108.23,26315204
AAPL,2016-08-10,108.0,108.9,107.76,108.71,24008505
AAPL,2016-08-11,107.93,108.93,107.85,108.52,27484506
AAPL,2016-08-12,108.18,108.44,107.78,107.78,18660434
AAPL,2016-08-15,109.48,109.54,108.08,108.14,25868209
AAPL,2016-08-16,109.38,110.23,109.21,109.63,33794448
AAPL,2016-08-17,109.22,109.37,108.34,109.1,25355976
AAPL,2016-08-18,109.08,109.6,109.02,109.23,21984703
AAPL,2016-08-19,109.36,109.69,108.36,108.77,25368072
AAPL,2016-08-22,108.51,109.1,107.85,108.86,25820230
AAPL,2016-08-23,108.85,109.32,108.53,108.59,21257669
AAPL,2016-08-24,108.03,108.75,107.68,108.565,23675081
AAPL,2016-08-25,107.57,107.88,106.68,107.39,25086248
AAPL,2016-08-26,106.94,107.95,106.31,107.41,27766291
AAPL,2016-08-29,106.82,107.44,106.29,106.62,24970300
AAPL,2016-08-30,106.0,106.5,105.5,105.8,24863945
AAPL,2016-08-31,106.1,106.5699,105.64,105.66,29656620
AAPL,2016-09-01,106.73,106.8,105.62,106.14,26701523
AAPL,2016-09-02,107.73,108.0,106.82,107.7,26802450
AAPL,2016-09-05,107.73,107.73,107.73,107.73,0
AAPL,2016-09-06,107.7,108.3,107.51,107.9,26880391
AAPL,2016-09-07,108.36,108.76,107.07,107.83,42364328
AAPL,2016-09-08,105.52,107.27,105.24,107.25,53002026
AAPL,2016-09-09,103.13,105.72,103.13,104.64,46556984
AAPL,2016-09-12,105.44,105.72,102.53,102.65,45292770
AAPL,2016-09-13,107.95,108.79,107.24,107.51,62176190
AAPL,2016-09-14,111.77,113.03,108.6,108.73,112340318
AAPL,2016-09-15,115.57,115.73,113.49,113.86,90613177
AAPL,2016-09-16,114.92,116.13,114.04,115.12,79886911
AAPL,2016-09-19,113.58,116.18,113.25,115.19,47023046
AAPL,2016-09-20,113.57,114.12,112.51,113.05,34514269
AAPL,2016-09-21,113.55,113.989,112.441,113.85,36003185
AAPL,2016-09-22,114.62,114.94,114.0,114.35,31073984
AAPL,2016-09-23,112.71,114.79,111.55,114.42,52481151
AAPL,2016-09-26,112.88,113.39,111.55,111.64,29869442
AAPL,2016-09-27,113.09,113.18,112.34,113.0,24607412
AAPL,2016-09-28,113.95,114.64,113.43,113.69,29641085
AAPL,2016-09-29,112.18,113.8,111.8,113.16,35886990
AAPL,2016-09-30,113.05,113.37,111.8,112.46,36379106
AAPL,2016-10-03,112.52,113.05,112.28,112.71,21701760
AAPL,2016-10-04,113.0,114.31,112.63,113.06,29736835
AAPL,2016-10-05,113.05,113.66,112.69,113.4,21453089
AAPL,2016-10-06,113.89,114.34,113.13,113.7,28779313
AAPL,2016-10-07,114.06,114.56,113.51,114.31,24358443
AAPL,2016-10-10,116.05,116.75,114.72,115.02,36235956
AAPL,2016-10-11,116.3,118.69,116.2,117.7,64041043
AAPL,2016-10-12,117.34,117.98,116.75,117.35,37586787
AAPL,2016-10-13,116.98,117.44,115.72,116.79,35192406
AAPL,2016-10-14,117.63,118.17,117.13,117.88,35652191
AAPL,2016-10-17,117.55,117.84,116.78,117.33,23624896
AAPL,2016-10-18,117.47,118.21,117.45,118.18,24553478
AAPL,2016-10-19,117.12,117.76,113.8,117.25,20034594
AAPL,2016-10-20,117.06,117.38,116.33,116.86,24125801
AAPL,2016-10-21,116.6,116.91,116.28,116.81,23192665
AAPL,2016-10-24,117.65,117.74,117.0,117.1,23538673
AAPL,2016-10-25,118.25,118.36,117.31,117.95,48128970
AAPL,2016-10-26,115.59,115.7,113.31,114.31,66134219
AAPL,2016-10-27,114.48,115.86,114.1,115.39,34562045
AAPL,2016-10-28,113.72,115.21,113.45,113.87,37861662
AAPL,2016-10-31,113.54,114.23,113.2,113.65,26419398
AAPL,2016-11-01,111.49,113.77,110.53,113.46,43825812
AAPL,2016-11-02,111.59,112.35,111.23,111.4,28331709
AAPL,2016-11-03,109.83,111.46,109.55,110.98,26932602
AAPL,2016-11-04,108.84,110.25,108.11,108.53,30836997
AAPL,2016-11-07,110.41,110.51,109.46,110.08,32560000
AAPL,2016-11-08,111.06,111.72,109.7,110.31,24254179
AAPL,2016-11-09,110.88,111.32,108.05,109.88,59176361
AAPL,2016-11-10,107.79,111.09,105.83,111.09,57134541
AAPL,2016-11-11,108.43,108.87,106.55,107.12,34143898
AAPL,2016-11-14,105.71,107.809,104.08,107.71,51175504
AAPL,2016-11-15,107.11,107.68,106.1593,106.57,32264510
AAPL,2016-11-16,109.99,110.23,106.6,106.7,58840522
AAPL,2016-11-17,109.95,110.35,108.83,109.81,27632003
AAPL,2016-11-18,110.06,110.54,109.66,109.72,28428917
AAPL,2016-11-21,111.73,111.99,110.01,110.12,29264571
AAPL,2016-11-22,111.8,112.42,111.4,111.95,25965534
AAPL,2016-11-23,111.23,111.51,110.33,111.36,27426394
AAPL,2016-11-24,111.23,111.23,111.23,111.23,0
AAPL,2016-11-25,111.79,111.87,110.95,111.13,11475922
AAPL,2016-11-28,111.57,112.465,111.39,111.43,27193983
AAPL,2016-11-29,111.46,112.03,110.07,110.78,28528750
AAPL,2016-11-30,110.52,112.2,110.27,111.6,36162258
AAPL,2016-12-01,109.49,110.94,109.03,110.365,37086862
AAPL,2016-12-02,109.9,110.09,108.85,109.17,26527997
AAPL,2016-12-05,109.11,110.03,108.25,110.0,34324540
AAPL,2016-12-06,109.95,110.36,109.19,109.5,26195462
AAPL,2016-12-07,111.03,111.19,109.16,109.26,29998719
AAPL,2016-12-08,112.12,112.43,110.6,110.86,27068316
AAPL,2016-12-09,113.95,114.7,112.31,112.31,34402627
AAPL,2016-12-12,113.3,115.0,112.49,113.29,26374377
AAPL,2016-12-13,115.19,115.92,113.75,113.84,43733811
AAPL,2016-12-14,115.19,116.2,114.98,115.04,34031834
AAPL,2016-12-15,115.82,116.73,115.23,115.38,46524544
AAPL,2016-12-16,115.97,116.5,115.645,116.47,44351134
AAPL,2016-12-19,116.64,117.38,115.75,115.8,27779423
AAPL,2016-12-20,116.95,117.5,116.68,116.74,21424965
AAPL,2016-12-21,117.06,117.4,116.78,116.8,23724084
AAPL,2016-12-22,116.29,116.51,115.64,116.35,26085854
AAPL,2016-12-23,116.52,116.52,115.59,115.59,14249484
AAPL,2016-12-26,116.52,116.52,116.52,116.52,0
AAPL,2016-12-27,117.26,117.8,116.49,116.52,18296855
AAPL,2016-12-28,116.76,118.0166,116.2,117.52,20905892
AAPL,2016-12-29,116.73,117.1095,116.4,116.45,15039519
AAPL,2016-12-30,115.82,117.2,115.43,116.65,30586265
AAPL,2017-01-02,115.82,115.82,115.82,115.82,0
AAPL,2017-01-03,116.15,116.33,114.76,115.8,28781865
AAPL,2017-01-04,116.02,116.51,115.75,115.85,21118116
AAPL,2017-01-05,116.61,116.8642,115.81,115.92,22193587
AAPL,2017-01-06,117.91,118.16,116.47,116.78,31751900
AAPL,2017-01-09,118.99,119.43,117.94,117.95,33561948
AAPL,2017-01-10,119.11,119.38,118.3,118.77,24462051
AAPL,2017-01-11,119.75,119.93,118.6,118.74,27588593
AAPL,2017-01-12,119.25,119.3,118.21,118.895,27086220
AAPL,2017-01-13,119.04,119.62,118.81,119.11,26111948
AAPL,2017-01-16,119.04,119.04,119.04,119.04,0
AAPL,2017-01-17,120.0,120.24,118.22,118.34,34439843
AAPL,2017-01-18,119.99,120.5,119.71,120.0,23712961
AAPL,2017-01-19,119.78,120.09,119.37,119.4,25597291
AAPL,2017-01-20,120.0,120.45,119.7346,120.45,32597892
AAPL,2017-01-23,120.08,120.81,119.77,120.0,22050218
AAPL,2017-01-24,119.97,120.1,119.5,119.55,23211038
AAPL,2017-01-25,121.88,122.1,120.28,120.42,32586672
AAPL,2017-01-26,121.94,122.44,121.6,121.67,26337576
AAPL,2017-01-27,121.95,122.35,121.6,122.14,20562944
AAPL,2017-01-30,121.63,121.63,120.66,120.93,30377503
AAPL,2017-01-31,121.35,121.39,120.62,121.15,49200993
AAPL,2017-02-01,128.75,130.49,127.01,127.03,111985040
AAPL,2017-02-02,128.53,129.39,127.78,127.975,33710411
AAPL,2017-02-03,129.08,129.19,128.16,128.31,24507301
AAPL,2017-02-06,130.29,130.5,128.9,129.13,26845924
AAPL,2017-02-07,131.53,132.09,130.45,130.54,38183841
AAPL,2017-02-08,132.04,132.22,131.22,131.35,22941341
AAPL,2017-02-09,132.42,132.445,131.12,131.65,28349859
AAPL,2017-02-10,132.12,132.94,132.05,132.46,20065458
AAPL,2017-02-13,133.29,133.82,132.75,133.08,23035421
AAPL,2017-02-14,135.02,135.09,133.25,133.47,33226222
AAPL,2017-02-15,135.51,136.27,134.62,135.52,35623100
AAPL,2017-02-16,135.345,135.9,134.8398,135.67,22584555
AAPL,2017-02-17,135.72,135.83,135.1,135.1,22198197
AAPL,2017-02-20,135.72,135.72,135.72,135.72,0
AAPL,2017-02-21,136.7,136.75,135.98,136.23,24507156
AAPL,2017-02-22,137.11,137.12,136.11,136.43,20836932
AAPL,2017-02-23,136.53,137.48,136.3,137.38,20788186
AAPL,2017-02-24,136.66,136.66,135.28,135.91,21776585
AAPL,2017-02-27,136.93,137.435,136.28,137.14,20257426
AAPL,2017-02-28,136.99,137.435,136.7,137.08,23482860
AAPL,2017-03-01,139.79,140.15,137.595,137.89,36414585
AAPL,2017-03-02,138.96,140.2786,138.76,140.0,26210984
AAPL,2017-03-03,139.78,139.83,138.59,138.78,21571121
AAPL,2017-03-06,139.34,139.77,138.5959,139.365,21750044
AAPL,2017-03-07,139.52,139.98,138.79,139.06,17446297
AAPL,2017-03-08,139.0,139.8,138.82,138.95,18707236
AAPL,2017-03-09,138.68,138.79,137.05,138.74,22155904
AAPL,2017-03-10,139.14,139.3571,138.64,139.25,19612801
AAPL,2017-03-13,139.2,139.43,138.82,139.16,17421717
AAPL,2017-03-14,138.99,139.65,138.84,139.3,15309065
AAPL,2017-03-15,140.46,140.7501,139.025,139.41,25691774
AAPL,2017-03-16,140.69,141.02,140.26,140.72,19231998
AAPL,2017-03-17,139.99,141.0,139.89,141.0,43884952
AAPL,2017-03-20,141.46,141.5,140.23,140.4,21542038
AAPL,2017-03-21,139.84,142.8,139.73,142.11,39529912
AAPL,2017-03-22,141.42,141.6,139.76,139.845,25860165
AAPL,2017-03-23,140.92,141.5844,140.61,141.26,20346301
AAPL,2017-03-24,140.64,141.74,140.35,141.5,22395563
AAPL,2017-03-27,140.88,141.22,138.62,139.39,23575094
AAPL,2017-03-28,143.8,144.04,140.62,140.91,33374805
AAPL,2017-03-29,144.12,144.49,143.19,143.68,29189955
AAPL,2017-03-30,143.93,144.5,143.5,144.19,21207252
AAPL,2017-03-31,143.66,144.27,143.01,143.72,19661651
AAPL,2017-04-03,143.7,144.12,143.05,143.71,19985714
AAPL,2017-04-04,144.77,144.89,143.17,143.25,19891354
AAPL,2017-04-05,144.02,145.46,143.81,144.22,27717854
AAPL,2017-04-06,143.66,144.52,143.45,144.29,21149034
AAPL,2017-04-07,143.34,144.18,143.27,143.73,16672198
AAPL,2017-04-10,143.17,143.8792,142.9,143.6,18933397
AAPL,2017-04-11,141.63,143.35,140.06,142.94,30379376
AAPL,2017-04-12,141.8,142.15,141.01,141.6,20350000
AAPL,2017-04-13,141.05,142.38,141.05,141.91,17822880
AAPL,2017-04-14,141.05,141.05,141.05,141.05,0
AAPL,2017-04-17,141.83,141.88,140.87,141.48,16582094
AAPL,2017-04-18,141.2,142.04,141.11,141.41,14697544
AAPL,2017-04-19,140.68,142.0,140.45,141.88,17328375
AAPL,2017-04-20,142.44,142.92,141.16,141.22,23319562
AAPL,2017-04-21,142.27,142.68,141.85,142.44,17320928
AAPL,2017-04-24,143.64,143.95,143.18,143.5,17134333
AAPL,2017-04-25,144.53,144.9,143.87,143.91,18848191
AAPL,2017-04-26,143.68,144.6,143.3762,144.47,20041241
AAPL,2017-04-27,143.79,144.16,143.31,143.9225,14246347
AAPL,2017-04-28,143.65,144.3,143.27,144.09,20860358
AAPL,2017-05-01,146.58,147.2,144.96,145.1,33602943
AAPL,2017-05-02,147.51,148.09,146.84,147.54,45352194
AAPL,2017-05-03,147.06,147.49,144.27,145.59,45697034
AAPL,2017-05-04,146.53,147.14,145.81,146.52,23371872
AAPL,2017-05-05,148.96,148.98,146.76,146.76,27327725
AAPL,2017-05-08,153.01,153.7,149.03,149.03,48752413
AAPL,2017-05-09,153.99,154.88,153.45,153.87,39130363
AAPL,2017-05-10,153.26,153.94,152.11,153.63,25805692
AAPL,2017-05-11,153.95,154.07,152.31,152.45,27255058
AAPL,2017-05-12,156.1,156.42,154.67,154.7,32527017
AAPL,2017-05-15,155.7,156.65,155.05,156.01,26009719
AAPL,2017-05-16,155.47,156.06,154.72,155.94,20048478
AAPL,2017-05-17,150.25,154.57,149.71,153.6,50767678
AAPL,2017-05-18,152.54,153.34,151.13,151.27,33568215
AAPL,2017-05-19,153.06,153.98,152.63,153.38,26960788
AAPL,2017-05-22,153.99,154.58,152.91,154.0,22966437
AAPL,2017-05-23,153.8,154.9,153.31,154.9,19918871
AAPL,2017-05-24,153.34,154.17,152.67,153.84,19219154
AAPL,2017-05-25,153.87,154.35,153.03,153.73,19235598
AAPL,2017-05-26,153.61,154.24,153.31,154.0,21927637
AAPL,2017-05-29,153.61,153.61,153.61,153.61,0
AAPL,2017-05-30,153.67,154.43,153.33,153.42,20126851
AAPL,2017-05-31,152.76,154.17,152.38,153.97,24451164
AAPL,2017-06-01,153.18,153.33,152.22,153.17,16404088
AAPL,2017-06-02,155.45,155.45,152.89,153.58,27770715
AAPL,2017-06-05,153.93,154.45,153.46,154.34,25331662
AAPL,2017-06-06,154.45,155.81,153.78,153.9,26624926
AAPL,2017-06-07,155.37,155.98,154.48,155.02,21069647
AAPL,2017-06-08,154.99,155.54,154.4,155.25,21250798
AAPL,2017-06-09,148.98,155.19,146.02,155.19,64882656
AAPL,2017-06-12,145.42,146.09,142.51,145.74,72307330
AAPL,2017-06-13,146.59,147.45,145.15,147.16,34165445
AAPL,2017-06-14,145.16,147.5,143.84,147.5,31531232
AAPL,2017-06-15,144.29,144.4798,142.21,143.32,32165373
AAPL,2017-06-16,142.27,144.5,142.2,143.78,50361093
AAPL,2017-06-19,146.34,146.74,143.66,143.66,32541404
AAPL,2017-06-20,145.01,146.87,144.94,146.87,24900073
AAPL,2017-06-21,145.87,146.0693,144.61,145.52,21265751
AAPL,2017-06-22,145.63,146.7,145.1199,145.77,19106294
AAPL,2017-06-23,146.28,147.16,145.11,145.13,35439389
AAPL,2017-06-26,145.82,148.28,145.38,147.17,25692361
AAPL,2017-06-27,143.73,146.16,143.62,145.01,24761891
AAPL,2017-06-28,145.83,146.11,143.1601,144.49,22082432
AAPL,2017-06-29,143.68,145.13,142.28,144.71,31499368
AAPL,2017-06-30,144.02,144.96,143.78,144.45,23024107
AAPL,2017-07-03,143.5,145.3001,143.1,144.88,14277848
AAPL,2017-07-04,143.5,143.5,143.5,143.5,0
AAPL,2017-07-05,144.09,144.79,142.7237,143.69,21569557
AAPL,2017-07-06,142.73,143.5,142.41,143.02,24128782
AAPL,2017-07-07,144.18,144.75,142.9,142.9,19201712
AAPL,2017-07-10,145.06,145.95,143.37,144.11,21090636
AAPL,2017-07-11,145.53,145.85,144.38,144.73,19781836
AAPL,2017-07-12,145.74,146.18,144.82,145.87,24884478
AAPL,2017-07-13,147.77,148.49,145.44,145.5,25199373
AAPL,2017-07-14,149.04,149.33,147.33,147.97,20132061
AAPL,2017-07-17,149.56,150.9,148.57,148.82,23793456
AAPL,2017-07-18,150.08,150.13,148.67,149.2,17868792
AAPL,2017-07-19,151.02,151.42,149.95,150.48,20922969
AAPL,2017-07-20,150.34,151.74,150.19,151.5,17243748
AAPL,2017-07-21,150.27,150.44,148.88,149.99,26252630
AAPL,2017-07-24,152.09,152.44,149.9,150.58,21493160
AAPL,2017-07-25,152.74,153.84,151.8,151.8,18853932
AAPL,2017-07-26,153.46,153.93,153.06,153.35,15780951
AAPL,2017-07-27,150.56,153.99,147.3,153.75,32476337
AAPL,2017-07-28,149.5,150.23,149.19,149.89,17213653
AAPL,2017-07-31,148.73,150.33,148.13,149.9,19845920
AAPL,2017-08-01,150.05,150.22,148.41,149.1,35368645
AAPL,2017-08-02,157.14,159.75,156.16,159.28,69936800
AAPL,2017-08-03,155.57,157.21,155.02,157.05,27097296
AAPL,2017-08-04,156.39,157.4,155.69,156.07,20559852
AAPL,2017-08-07,158.81,158.92,156.6701,157.06,21870321
AAPL,2017-08-08,160.08,161.83,158.27,158.6,36205896
AAPL,2017-08-09,161.06,161.27,159.11,159.26,26131530
AAPL,2017-08-10,155.32,160.0,154.63,159.9,40804273
AAPL,2017-08-11,157.48,158.5728,156.07,156.6,26257096
AAPL,2017-08-14,159.85,160.21,158.75,159.32,22122734
AAPL,2017-08-15,161.6,162.195,160.14,160.66,29465487
AAPL,2017-08-16,160.95,162.51,160.15,161.94,27671612
AAPL,2017-08-17,157.86,160.71,157.84,160.52,27940565
AAPL,2017-08-18,157.5,159.5,156.72,157.86,27428069
AAPL,2017-08-21,157.21,157.89,155.1101,157.5,26368528
AAPL,2017-08-22,159.78,160.0,158.02,158.23,21604585
AAPL,2017-08-23,159.98,160.47,158.88,159.07,19399081
AAPL,2017-08-24,159.27,160.74,158.55,160.43,19818918
AAPL,2017-08-25,159.86,160.56,159.27,159.65,25480063
AAPL,2017-08-28,161.47,162.0,159.93,160.14,25965972
AAPL,2017-08-29,162.91,163.12,160.0,160.1,29516910
AAPL,2017-08-30,163.35,163.89,162.61,163.8,27269584
AAPL,2017-08-31,164.0,164.52,163.48,163.64,26785096
AAPL,2017-09-01,164.05,164.94,163.63,164.8,16591051
AAPL,2017-09-04,164.05,164.05,164.05,164.05,0
AAPL,2017-09-05,162.08,164.25,160.56,163.75,29536314
AAPL,2017-09-06,161.91,162.99,160.52,162.71,21651726
AAPL,2017-09-07,161.26,162.24,160.36,162.09,21928502
AAPL,2017-09-08,158.63,161.15,158.53,160.86,28611535
AAPL,2017-09-11,161.5,162.05,159.89,160.5,31580798
AAPL,2017-09-12,160.86,163.96,158.77,162.61,71714046
AAPL,2017-09-13,159.65,159.96,157.91,159.87,44907361
AAPL,2017-09-14,158.28,159.4,158.09,158.99,23760749
AAPL,2017-09-15,159.88,160.97,158.0,158.47,49114602
AAPL,2017-09-18,158.67,160.5,157.995,160.11,28269435
AAPL,2017-09-19,158.73,159.77,158.44,159.51,20810632
AAPL,2017-09-20,156.07,158.26,153.83,157.9,52951364
AAPL,2017-09-21,153.39,155.8,152.75,155.8,37511661
AAPL,2017-09-22,151.89,152.27,150.56,152.02,46645443
AAPL,2017-09-25,150.55,151.83,149.16,149.99,44387336
AAPL,2017-09-26,153.14,153.92,151.69,151.78,36660045
AAPL,2017-09-27,154.23,154.7189,153.54,153.8,25504227
AAPL,2017-09-28,153.28,154.28,152.7,153.89,22005455
AAPL,2017-09-29,154.12,154.13,152.0,153.21,26299810
AAPL,2017-10-02,153.81,154.45,152.72,154.26,18698842
AAPL,2017-10-03,154.48,155.09,153.91,154.01,16230293
AAPL,2017-10-04,153.48,153.86,152.46,153.63,20163750
AAPL,2017-10-05,155.39,155.44,154.05,154.18,21283769
AAPL,2017-10-06,155.3,155.49,154.56,154.97,17407558
AAPL,2017-10-09,155.84,156.73,155.485,155.81,16262923
AAPL,2017-10-10,155.9,158.0,155.1,156.055,15617014
AAPL,2017-10-11,156.55,156.98,155.75,155.97,16905640
AAPL,2017-10-12,156.0,157.37,155.7299,156.35,16125053
AAPL,2017-10-13,156.99,157.28,156.41,156.73,16394188
AAPL,2017-10-16,159.88,160.0,157.65,157.9,24121452
AAPL,2017-10-17,160.47,160.87,159.23,159.78,18997275
AAPL,2017-10-18,159.76,160.71,159.6,160.42,16374164
AAPL,2017-10-19,155.98,157.08,155.02,156.75,42584166
AAPL,2017-10-20,156.25,157.75,155.96,156.61,23974146
AAPL,2017-10-23,156.17,157.69,155.5,156.89,21984327
AAPL,2017-10-24,157.1,157.42,156.2,156.29,17757230
AAPL,2017-10-25,156.41,157.55,155.27,156.91,21207098
AAPL,2017-10-26,157.41,157.8295,156.78,157.23,17000469
AAPL,2017-10-27,163.05,163.6,158.7,159.29,44454160
AAPL,2017-10-30,166.72,168.07,163.72,163.89,44700772
AAPL,2017-10-31,169.04,169.6499,166.94,167.9,36046828
AAPL,2017-11-01,166.89,169.94,165.61,169.87,33637762
AAPL,2017-11-02,168.11,168.5,165.28,167.64,41393373
AAPL,2017-11-03,172.5,174.26,171.12,174.0,59398631
AAPL,2017-11-06,174.25,174.99,171.72,172.365,35026306
AAPL,2017-11-07,174.81,175.25,173.6,173.91,24361485
AAPL,2017-11-08,176.24,176.24,174.33,174.66,24409527
AAPL,2017-11-09,175.88,176.095,173.14,175.11,29482596
AAPL,2017-11-10,174.67,175.38,174.27,175.11,25145500
AAPL,2017-11-13,173.97,174.5,173.4,173.5,16982080
AAPL,2017-11-14,171.34,173.48,171.18,173.04,24782487
AAPL,2017-11-15,169.08,170.3197,168.38,169.97,29158070
AAPL,2017-11-16,171.1,171.87,170.3,171.18,23637484
AAPL,2017-11-17,170.15,171.39,169.64,171.04,21899544
AAPL,2017-11-20,169.98,170.56,169.56,170.29,16262447
AAPL,2017-11-21,173.14,173.7,170.78,170.78,25131295
AAPL,2017-11-22,174.96,175.0,173.05,173.36,25588925
AAPL,2017-11-23,174.96,174.96,174.96,174.96,0
AAPL,2017-11-24,174.97,175.5,174.6459,175.1,14026673
AAPL,2017-11-27,174.09,175.08,173.34,175.05,20716802
AAPL,2017-11-28,173.07,174.87,171.86,174.3,26428802
AAPL,2017-11-29,169.48,172.92,167.16,172.63,41666364
AAPL,2017-11-30,171.85,172.14,168.44,170.43,41527218
AAPL,2017-12-01,171.05,171.67,168.5,169.95,39759288
AAPL,2017-12-04,169.8,172.62,169.63,172.48,32542385
AAPL,2017-12-05,169.64,171.52,168.4,169.06,27350154
AAPL,2017-12-06,169.01,170.2047,166.46,167.5,28560000
AAPL,2017-12-07,169.32,170.44,168.91,169.03,25673308
AAPL,2017-12-08,169.37,171.0,168.82,170.49,23355231
AAPL,2017-12-11,172.67,172.89,168.79,169.2,35273759
AAPL,2017-12-12,171.7,172.39,171.461,172.15,19409230
AAPL,2017-12-13,172.27,173.54,172.0,172.5,23818447
AAPL,2017-12-14,172.22,173.13,171.65,172.4,20476541
AAPL,2017-12-15,173.97,174.17,172.46,173.63,40169307
AAPL,2017-12-18,176.42,177.2,174.86,174.88,29421114
AAPL,2017-12-19,174.54,175.39,174.09,175.03,27436447
AAPL,2017-12-20,174.35,175.42,173.25,174.87,23475649
AAPL,2017-12-21,175.01,176.02,174.1,174.17,20949896
AAPL,2017-12-22,175.01,175.424,174.5,174.68,16349443
AAPL,2017-12-25,175.01,175.01,175.01,175.01,0
AAPL,2017-12-26,170.57,171.47,169.679,170.8,33185536
AAPL,2017-12-27,170.6,170.78,169.71,170.1,21498213
AAPL,2017-12-28,171.08,171.85,170.48,171.0,16480187
AAPL,2017-12-29,169.23,170.59,169.22,170.52,25999922
AAPL,2018-01-01,169.23,169.23,169.23,169.23,0
AAPL,2018-01-02,172.26,172.3,169.26,170.16,25555934
AAPL,2018-01-03,172.23,174.55,171.96,172.53,29517899
AAPL,2018-01-04,173.03,173.47,172.08,172.54,22434597
AAPL,2018-01-05,175.0,175.37,173.05,173.44,23660018
AAPL,2018-01-08,174.35,175.61,173.93,174.35,20567766
AAPL,2018-01-09,174.33,175.06,173.41,174.55,21583997
AAPL,2018-01-10,174.29,174.3,173.0,173.16,23959895
AAPL,2018-01-11,175.28,175.4886,174.49,174.59,18667729
AAPL,2018-01-12,177.09,177.36,175.65,176.18,25418080
AAPL,2018-01-15,177.09,177.09,177.09,177.09,0
AAPL,2018-01-16,176.19,179.39,176.14,177.9,29565947
AAPL,2018-01-17,179.1,179.25,175.07,176.15,34386836
AAPL,2018-01-18,179.26,180.1,178.25,179.37,31193352
AAPL,2018-01-19,178.46,179.58,177.41,178.61,32425067
AAPL,2018-01-22,177.0,177.78,176.6016,177.3,27108551
AAPL,2018-01-23,177.04,179.44,176.82,177.3,32689146
AAPL,2018-01-24,174.22,177.3,173.2,177.25,51105090
AAPL,2018-01-25,171.11,174.95,170.53,174.505,41529004
AAPL,2018-01-26,171.51,172.0,170.06,172.0,39143011
AAPL,2018-01-29,167.96,170.16,167.07,170.16,50640406
AAPL,2018-01-30,166.97,167.37,164.7,165.525,46048185
AAPL,2018-01-31,167.43,168.4417,166.5,166.87,32478930
AAPL,2018-02-01,167.78,168.62,166.76,167.165,47230787
AAPL,2018-02-02,160.5,166.8,160.1,166.0,86593825
AAPL,2018-02-05,156.49,163.88,156.0,159.1,72738522
AAPL,2018-02-06,163.03,163.72,154.0,154.83,68243838
AAPL,2018-02-07,159.54,163.4,159.0685,163.085,51608580
AAPL,2018-02-08,155.15,161.0,155.03,160.29,54390516
AAPL,2018-02-09,156.41,157.89,150.24,157.07,70672608
AAPL,2018-02-12,162.71,163.89,157.51,158.5,60819539
AAPL,2018-02-13,164.34,164.75,161.65,161.95,32549163
AAPL,2018-02-14,167.37,167.54,162.88,163.045,40644933
AAPL,2018-02-15,172.99,173.09,169.0,169.79,51147171
AAPL,2018-02-16,172.43,174.82,171.77,172.36,40176091
AAPL,2018-02-19,172.43,172.43,172.43,172.43,0
AAPL,2018-02-20,171.85,174.26,171.42,172.05,33930540
AAPL,2018-02-21,171.07,174.12,171.01,172.83,37471623
AAPL,2018-02-22,172.5,173.95,171.71,171.8,30991940
AAPL,2018-02-23,175.5,175.65,173.54,173.67,33812360
AAPL,2018-02-26,178.97,179.39,176.21,176.35,38162174
AAPL,2018-02-27,178.39,180.48,178.16,179.1,38928125
AAPL,2018-02-28,178.12,180.615,178.05,179.26,37782138
AAPL,2018-03-01,175.0,179.775,172.66,178.54,48801970
AAPL,2018-03-02,176.21,176.3,172.45,172.8,38453950
AAPL,2018-03-05,176.82,177.74,174.52,175.21,28401366
AAPL,2018-03-06,176.67,178.25,176.13,177.91,23788506
AAPL,2018-03-07,175.03,175.85,174.27,174.94,31703462
AAPL,2018-03-08,176.94,177.12,175.07,175.48,23774107
AAPL,2018-03-09,179.98,180.0,177.39,177.96,32185162
AAPL,2018-03-12,181.72,182.39,180.21,180.29,32207081
AAPL,2018-03-13,179.97,183.5,179.24,182.59,31693529
AAPL,2018-03-14,178.44,180.52,177.81,180.32,29368356
AAPL,2018-03-15,178.65,180.24,178.0701,178.5,22743798
AAPL,2018-03-16,178.02,179.12,177.62,178.65,39404688
AAPL,2018-03-19,175.3,177.47,173.66,177.32,33446771
AAPL,2018-03-20,175.24,176.8,174.94,175.24,19649350
AAPL,2018-03-21,171.27,175.09,171.26,175.04,37054935
AAPL,2018-03-22,168.85,172.68,168.6,170.0,41490767
AAPL,2018-03-23,164.94,169.92,164.94,168.39,41028784
AAPL,2018-03-26,172.77,173.1,166.44,168.07,37541236
AAPL,2018-03-27,168.34,175.15,166.92,173.68,40922579
AAPL,2018-03-28,166.48,170.02,165.19,167.25,41668545
AAPL,2018-03-29,167.78,171.75,166.9,167.805,38398505
AAPL,2018-03-30,167.78,167.78,167.78,167.78,0
AAPL,2018-04-02,166.68,168.94,164.47,167.88,37586791
AAPL,2018-04-03,168.39,168.7455,164.88,167.64,30278046
AAPL,2018-04-04,171.61,172.01,164.77,164.88,34605489
AAPL,2018-04-05,172.8,174.2304,172.08,172.58,26933197
AAPL,2018-04-06,168.38,172.48,168.2,170.97,35005290
AAPL,2018-04-09,170.05,173.09,169.845,169.88,29017718
AAPL,2018-04-10,173.25,174.0,171.53,173.0,28614241
AAPL,2018-04-11,172.44,173.9232,171.7,172.23,22431640
AAPL,2018-04-12,174.14,175.0,173.04,173.41,22889285
AAPL,2018-04-13,174.73,175.84,173.85,174.78,25124255
AAPL,2018-04-16,175.82,176.19,174.8301,175.0301,21578420
AAPL,2018-04-17,178.24,178.9365,176.41,176.49,26605442
AAPL,2018-04-18,177.84,178.82,176.88,177.81,20754538
AAPL,2018-04-19,172.8,175.39,172.66,174.95,34808800
AAPL,2018-04-20,165.72,171.2184,165.43,170.595,65491140
AAPL,2018-04-23,165.24,166.92,164.09,166.8348,36515477
AAPL,2018-04-24,162.94,166.33,161.2201,165.67,33692017
AAPL,2018-04-25,163.65,165.42,162.41,162.62,28382084
AAPL,2018-04-26,164.22,165.73,163.37,164.12,27963014
AAPL,2018-04-27,162.32,164.33,160.63,164.0,35655839
AAPL,2018-04-30,165.26,167.26,161.84,162.1302,42427424
AAPL,2018-05-01,169.1,169.2,165.27,166.4102,53569376
AAPL,2018-05-02,176.57,177.75,173.8,175.225,66539371
AAPL,2018-05-03,176.89,177.5,174.4411,175.88,34068180
AAPL,2018-05-04,183.83,184.25,178.17,178.25,56201317
AAPL,2018-05-07,185.16,187.67,184.75,185.18,42451423
AAPL,2018-05-08,186.05,186.22,183.665,184.99,28402777
AAPL,2018-05-09,187.36,187.4,185.22,186.55,23211241
AAPL,2018-05-10,190.04,190.37,187.65,187.74,27989289
AAPL,2018-05-11,188.59,190.06,187.45,189.49,26212221
AAPL,2018-05-14,188.15,189.53,187.86,189.01,20778772
AAPL,2018-05-15,186.44,187.07,185.1,186.78,23695159
AAPL,2018-05-16,188.18,188.46,186.0,186.07,19183064
AAPL,2018-05-17,186.99,188.91,186.36,188.0,17294029
AAPL,2018-05-18,186.31,187.8102,186.13,187.19,18297728
AAPL,2018-05-21,187.63,189.27,186.9106,188.0,18400787
AAPL,2018-05-22,187.16,188.88,186.78,188.375,15240704
AAPL,2018-05-23,188.36,188.5,185.76,186.35,20058415
AAPL,2018-05-24,188.15,188.84,186.21,188.77,20330134
AAPL,2018-05-25,188.58,189.65,187.65,188.23,17460963
AAPL,2018-05-28,188.58,188.58,188.58,188.58,0
AAPL,2018-05-29,187.9,188.75,186.87,187.6,22514075
AAPL,2018-05-30,187.5,188.0,186.78,187.72,18430891
AAPL,2018-05-31,186.87,188.23,186.14,187.22,26884365
AAPL,2018-06-01,190.24,190.26,187.75,187.9912,23442510
AAPL,2018-06-04,191.83,193.42,191.35,191.635,26096348
